<?xml version="1.0" encoding="UTF-8"?>
<preferences>
 <debug showDebugMenu="0" />
 <systemtable filter="Default">
  <columns>
   <connections preferredWidth="159" />
   <irq preferredWidth="34" />
  </columns>
 </systemtable>
 <clocktable>
  <columns>
   <clockname preferredWidth="548" />
   <clocksource preferredWidth="547" />
   <frequency preferredWidth="529" />
  </columns>
 </clocktable>
 <library expandedCategories="Library,Project" />
 <window width="1936" height="1176" x="-8" y="-8" />
 <hdlexample language="VERILOG" />
</preferences>
