<?xml version="1.0" encoding="UTF-8"?>
<preferences>
 <debug showDebugMenu="0" />
 <systemtable filter="Default">
  <columns>
   <connections preferredWidth="143" />
   <irq preferredWidth="34" />
  </columns>
 </systemtable>
 <clocktable>
  <columns>
   <clockname preferredWidth="536" />
   <clocksource preferredWidth="564" />
   <frequency preferredWidth="524" />
  </columns>
 </clocktable>
 <library expandedCategories="Project,Library/PLL,Library" />
 <window width="1936" height="1176" x="-8" y="-8" />
 <hdlexample language="VERILOG" />
</preferences>
