<?xml version="1.0" ?>
<LOG_ROOT>
	<PROJECT NAME="EE443_DE2i_150">
		<CBX_INST_ENTRY INSTANCE_NAME="|EE443_DE2i_150|de2i_150:u0|de2i_150_nios2_qsys:nios2_qsys|de2i_150_nios2_qsys_ic_data_module:de2i_150_nios2_qsys_ic_data|altsyncram:the_altsyncram" CBX_FILE_NAME="altsyncram_6nd1.tdf"/>
		<CBX_INST_ENTRY INSTANCE_NAME="|EE443_DE2i_150|de2i_150:u0|de2i_150_nios2_qsys:nios2_qsys|de2i_150_nios2_qsys_mult_cell:the_de2i_150_nios2_qsys_mult_cell|altera_mult_add:the_altmult_add_part_2|altera_mult_add_g9u2:auto_generated|altera_mult_add_rtl:altera_mult_add_rtl1|ama_multiplier_function:multiplier_block|lpm_mult:Mult0" CBX_FILE_NAME="mult_d411.tdf"/>
		<CBX_INST_ENTRY INSTANCE_NAME="|EE443_DE2i_150|de2i_150:u0|de2i_150_nios2_qsys:nios2_qsys|de2i_150_nios2_qsys_nios2_oci:the_de2i_150_nios2_qsys_nios2_oci|de2i_150_nios2_qsys_nios2_ocimem:the_de2i_150_nios2_qsys_nios2_ocimem|de2i_150_nios2_qsys_ociram_sp_ram_module:de2i_150_nios2_qsys_ociram_sp_ram|altsyncram:the_altsyncram" CBX_FILE_NAME="altsyncram_a881.tdf"/>
		<CBX_INST_ENTRY INSTANCE_NAME="|EE443_DE2i_150|de2i_150:u0|de2i_150_nios2_qsys:nios2_qsys|de2i_150_nios2_qsys_register_bank_b_module:de2i_150_nios2_qsys_register_bank_b|altsyncram:the_altsyncram" CBX_FILE_NAME="altsyncram_gng1.tdf"/>
		<CBX_INST_ENTRY INSTANCE_NAME="|EE443_DE2i_150|de2i_150:u0|de2i_150_nios2_qsys:nios2_qsys|de2i_150_nios2_qsys_mult_cell:the_de2i_150_nios2_qsys_mult_cell|altera_mult_add:the_altmult_add_part_1|altera_mult_add_e9u2:auto_generated|altera_mult_add_rtl:altera_mult_add_rtl1|ama_multiplier_function:multiplier_block|lpm_mult:Mult0" CBX_FILE_NAME="mult_dt01.tdf"/>
		<CBX_INST_ENTRY INSTANCE_NAME="|EE443_DE2i_150|de2i_150:u0|de2i_150_nios2_qsys:nios2_qsys|lpm_add_sub:Add18" CBX_FILE_NAME="add_sub_k3j.tdf"/>
		<CBX_INST_ENTRY INSTANCE_NAME="|EE443_DE2i_150|de2i_150:u0|de2i_150_jtag_uart:jtag_uart|de2i_150_jtag_uart_scfifo_w:the_de2i_150_jtag_uart_scfifo_w|scfifo:wfifo" CBX_FILE_NAME="scfifo_dv21.tdf"/>
		<CBX_INST_ENTRY INSTANCE_NAME="|EE443_DE2i_150|de2i_150:u0|de2i_150_nios2_qsys:nios2_qsys|de2i_150_nios2_qsys_bht_module:de2i_150_nios2_qsys_bht|altsyncram:the_altsyncram" CBX_FILE_NAME="altsyncram_f9h1.tdf"/>
		<CBX_INST_ENTRY INSTANCE_NAME="|EE443_DE2i_150|de2i_150:u0|de2i_150_nios2_qsys:nios2_qsys|de2i_150_nios2_qsys_dc_data_module:de2i_150_nios2_qsys_dc_data|altsyncram:the_altsyncram" CBX_FILE_NAME="altsyncram_ehf1.tdf"/>
		<CBX_INST_ENTRY INSTANCE_NAME="|EE443_DE2i_150|de2i_150:u0|de2i_150_nios2_qsys:nios2_qsys|de2i_150_nios2_qsys_dc_tag_module:de2i_150_nios2_qsys_dc_tag|altsyncram:the_altsyncram" CBX_FILE_NAME="altsyncram_vtg1.tdf"/>
		<CBX_INST_ENTRY INSTANCE_NAME="|EE443_DE2i_150|de2i_150:u0|de2i_150_nios2_qsys:nios2_qsys|de2i_150_nios2_qsys_dc_victim_module:de2i_150_nios2_qsys_dc_victim|altsyncram:the_altsyncram" CBX_FILE_NAME="altsyncram_l7d1.tdf"/>
		<CBX_INST_ENTRY INSTANCE_NAME="|EE443_DE2i_150|de2i_150:u0|de2i_150_nios2_qsys:nios2_qsys|de2i_150_nios2_qsys_mult_cell:the_de2i_150_nios2_qsys_mult_cell|altera_mult_add:the_altmult_add_part_1" CBX_FILE_NAME="altera_mult_add_e9u2.v"/>
		<CBX_INST_ENTRY INSTANCE_NAME="|EE443_DE2i_150|de2i_150:u0|de2i_150_nios2_qsys:nios2_qsys|de2i_150_nios2_qsys_register_bank_a_module:de2i_150_nios2_qsys_register_bank_a|altsyncram:the_altsyncram" CBX_FILE_NAME="altsyncram_fng1.tdf"/>
		<CBX_INST_ENTRY INSTANCE_NAME="|EE443_DE2i_150|de2i_150:u0|de2i_150_jtag_uart:jtag_uart|de2i_150_jtag_uart_scfifo_r:the_de2i_150_jtag_uart_scfifo_r|scfifo:rfifo" CBX_FILE_NAME="scfifo_dv21.tdf"/>
		<CBX_INST_ENTRY INSTANCE_NAME="|EE443_DE2i_150|de2i_150:u0|de2i_150_nios2_qsys:nios2_qsys|de2i_150_nios2_qsys_mult_cell:the_de2i_150_nios2_qsys_mult_cell|altera_mult_add:the_altmult_add_part_2" CBX_FILE_NAME="altera_mult_add_g9u2.v"/>
		<CBX_INST_ENTRY INSTANCE_NAME="|EE443_DE2i_150|de2i_150:u0|de2i_150_onchip_memory2:onchip_memory2|altsyncram:the_altsyncram" CBX_FILE_NAME="altsyncram_c0d1.tdf"/>
		<CBX_INST_ENTRY INSTANCE_NAME="|EE443_DE2i_150|de2i_150:u0|de2i_150_nios2_qsys:nios2_qsys|de2i_150_nios2_qsys_ic_tag_module:de2i_150_nios2_qsys_ic_tag|altsyncram:the_altsyncram" CBX_FILE_NAME="altsyncram_slh1.tdf"/>
	</PROJECT>
</LOG_ROOT>
